{
  "type": "ellip",
  "order": 8,
  "sos": [
    [
      0.12945358391865658,
      0.23164453209538313,
      0.12945358391865655,
      1.0,
      -0.3612761294821945,
      0.28120364102838213
    ],
    [
      1.0,
      1.1147507186197163,
      0.9999999999999999,
      1.0,
      0.4290727797975263,
      0.7719930092273161
    ],
    [
      1.0,
      -1.9999250083083795,
      1.0,
      1.0,
      -1.9418884699539667,
      0.9442291422107909
    ],
    [
      1.0,
      0.8650332932671413,
      1.0,
      1.0,
      0.6977544118867823,
      0.9456790533606448
    ],
    [
      1.0,
      0.8061843241200338,
      1.0000000000000002,
      1.0,
      0.7615083502339495,
      0.9902104808992949
    ],
    [
      1.0,
      -1.9996165233831025,
      0.9999999999999999,
      1.0,
      -1.9915998800468357,
      0.9924198858426153
    ],
    [
      1.0,
      -1.9994655173020954,
      0.9999999999999998,
      1.0,
      -1.9978552073091416,
      0.9984916530687851
    ],
    [
      1.0,
      -1.9994260196880178,
      1.0,
      1.0,
      -1.999136339618734,
      0.9997387030994378
    ]
  ]
}